rd,prime,buffer_from,buffer_to,load
1,0,0,1,0
1,0,1,2,1
1,0,2,3,0
1,0,3,4,0
1,0,4,5,0
1,0,5,6,0
1,0,6,7,0
1,0,7,8,0
1,0,8,9,0
1,1,0,1,0
1,1,1,2,0
1,1,2,3,1
1,1,3,4,0
1,1,4,5,0
1,1,5,6,0
1,1,6,7,0
1,1,7,8,0
1,1,8,9,0

rd,prime,buffer_from,buffer_to,load
1,0,0,1,0
1,0,1,2,0
1,0,2,3,0
1,0,3,4,0
1,0,4,5,0
1,0,5,6,0
1,0,6,7,1
1,0,7,8,0
1,0,8,9,0
1,1,0,1,0
1,1,1,2,0
1,1,2,3,0
1,1,3,4,0
1,1,4,5,0
1,1,5,6,0
1,1,6,7,0
1,1,7,8,1
1,1,8,9,0

rd,prime,buffer_from,buffer_to,load
1,0,0,1,0
1,0,1,2,0
1,0,2,3,0
1,0,3,4,1
1,0,4,5,0
1,0,5,6,0
1,0,6,7,0
1,0,7,8,0
1,0,8,9,0
1,1,0,1,0
1,1,1,2,0
1,1,2,3,0
1,1,3,4,0
1,1,4,5,1
1,1,5,6,0
1,1,6,7,0
1,1,7,8,0
1,1,8,9,0

rd,prime,buffer_from,buffer_to,load
1,0,0,1,0
1,0,1,2,0
1,0,2,3,0
1,0,3,4,0
1,0,4,5,0
1,0,5,6,0
1,0,6,7,0
1,0,7,8,1
1,0,8,9,0
1,1,0,1,0
1,1,1,2,0
1,1,2,3,0
1,1,3,4,0
1,1,4,5,0
1,1,5,6,0
1,1,6,7,0
1,1,7,8,0
1,1,8,9,1

